<?xml version="1.0" encoding="utf-8"?>
<extension version="2.5" type="template">
	<name>Task Meister Template - User Page</name>
	<creationDate>2020-03-20</creationDate>
	<author>Fremont Teng</author>
	<authorEmail>fremontteng@gmail.com</authorEmail>
	<authorUrl>https://github.com/FremontTeng</authorUrl>
	<copyright>Task Meister 2020</copyright>
	<license>GNU/GPL</license>
	<version>1.0.0</version>
	<description>User page template for Task Meister. By Fremont Teng</description>
	<files>
		<filename>index.php</filename>
		<filename>templateDetails.xml</filename>
		<folder>images</folder>
		<folder>css</folder>
	</files>
	<positions>
		<position>top-left</position>
		<position>top</position>
		<position>top-right</position>	
		<position>center-left</position>
		<position>center</position>
		<position>center-right</position>	
		<position>bottom-left</position>
		<position>bottom</position>
		<position>bottom-right</position>
		<position>footer</position>
	</positions>
</extension>