<?xml version="1.0" encoding="utf-8"?>
<extension version="2.5" type="template">
	<name>Task Meister Template - Home Page</name>
	<creationDate>2020-03-20</creationDate>
	<author>Fremont Teng</author>
	<authorEmail>fremontteng@gmail.com</authorEmail>
	<authorUrl>https://github.com/FremontTeng</authorUrl>
	<copyright>Task Meister 2020</copyright>
	<license>GNU/GPL</license>
	<version>1.0.3</version>
	<description>Home page template for Task Meister. By Fremont Teng</description>
	<files>
		<filename>index.php</filename>
		<filename>templateDetails.xml</filename>
		<folder>images</folder>
		<folder>css</folder>
	</files>
	<positions>
		<position>breadcrumb</position>
		<position>left</position>
		<position>centre</position>
		<position>right</position>
		<position>top</position>
		<position>Recommended</position>
		<position>bottom</position>
		<position>footer</position>
	</positions>
</extension>