<?xml version="1.0" encoding="utf-8"?>
<extension type="module" version="3.1.0" client="site" method="upgrade">
    <name>Custom Text (Task Meister)</name>
    <author>Fremont Teng</author>
    <version>1.0.0</version>
    <description>A custom text module for Task Meister.</description>
    <files>
        <filename>mod_customtext.xml</filename>
        <filename module="mod_customtext">mod_customtext.php</filename>
        <filename>index.html</filename>
        <filename>helper.php</filename>
        <filename>tmpl/default.php</filename>
        <filename>tmpl/index.html</filename>
    </files>
    <config>
    </config>
</extension>